<?xml version="1.0" encoding="utf-8"?>
<cScenarioProperties xmlns:d="http://www.kuju.com/TnT/2003/Delta" d:version="1.0" d:id="2095289032">
	<ID>
		<cGUID>
			<UUID>
				<e d:type="sUInt64">5268639780698284988</e>
				<e d:type="sUInt64">18097162029924410261</e>
			</UUID>
			<DevString d:type="cDeltaString">520363bc-f7f7-491d-95e3-54bcfb0826fb</DevString>
		</cGUID>
	</ID>
	<String/>
	<DisplayName>
		<Localisation-cUserLocalisedString>
			<English d:type="cDeltaString">2. Danger at Rose Tower (Career) (v2)</English>
			<French d:type="cDeltaString"></French>
			<Italian d:type="cDeltaString"></Italian>
			<German d:type="cDeltaString"></German>
			<Spanish d:type="cDeltaString"></Spanish>
			<Dutch d:type="cDeltaString"></Dutch>
			<Polish d:type="cDeltaString"></Polish>
			<Russian d:type="cDeltaString"></Russian>
			<Other/>
			<Key d:type="cDeltaString">f132833d-1c66-44a4-81fe-27d9ef7a08ad</Key>
		</Localisation-cUserLocalisedString>
	</DisplayName>
	<Description>
		<Localisation-cUserLocalisedString>
			<English d:type="cDeltaString">You have now been working around Altoona for a couple of months and are becoming familiar with the workings of the yard.  It is near the end of your shift.  Finish up your duties so you can clock off for the day.  </English>
			<French d:type="cDeltaString"></French>
			<Italian d:type="cDeltaString"></Italian>
			<German d:type="cDeltaString"></German>
			<Spanish d:type="cDeltaString"></Spanish>
			<Dutch d:type="cDeltaString"></Dutch>
			<Polish d:type="cDeltaString"></Polish>
			<Russian d:type="cDeltaString"></Russian>
			<Other/>
			<Key d:type="cDeltaString">b321817d-b122-4281-abb3-d0a2123de0d8</Key>
		</Localisation-cUserLocalisedString>
	</Description>
	<Briefing>
		<Localisation-cUserLocalisedString>
			<English d:type="cDeltaString">You have now been working around Altoona for a couple of months and are becoming familiar with the workings of the yard.  It is near the end of your shift.  Finish up your duties so you can clock off for the day.  </English>
			<French d:type="cDeltaString"></French>
			<Italian d:type="cDeltaString"></Italian>
			<German d:type="cDeltaString"></German>
			<Spanish d:type="cDeltaString"></Spanish>
			<Dutch d:type="cDeltaString"></Dutch>
			<Polish d:type="cDeltaString"></Polish>
			<Russian d:type="cDeltaString"></Russian>
			<Other/>
			<Key d:type="cDeltaString">a58e59e2-b562-4ac5-9709-71500948c3d4</Key>
		</Localisation-cUserLocalisedString>
	</Briefing>
	<StartLocation>
		<Localisation-cUserLocalisedString>
			<English d:type="cDeltaString">Altoona</English>
			<French d:type="cDeltaString"></French>
			<Italian d:type="cDeltaString"></Italian>
			<German d:type="cDeltaString"></German>
			<Spanish d:type="cDeltaString"></Spanish>
			<Dutch d:type="cDeltaString"></Dutch>
			<Polish d:type="cDeltaString"></Polish>
			<Russian d:type="cDeltaString"></Russian>
			<Other/>
			<Key d:type="cDeltaString">347b3ef3-b63c-4f77-a5ec-e224a2378d24</Key>
		</Localisation-cUserLocalisedString>
	</StartLocation>
	<ScenarioClass d:type="cDeltaString">eCareerScenarioClass</ScenarioClass>
	<StartTime d:type="sFloat32" d:alt_encoding="0000000000EFEF40" d:precision="string">65400</StartTime>
	<DurationMins d:type="sInt32">30</DurationMins>
	<StartDD d:type="sInt32">26</StartDD>
	<StartMM d:type="sInt32">3</StartMM>
	<StartYYYY d:type="sInt32">1953</StartYYYY>
	<Season d:type="cDeltaString">SEASON_SPRING</Season>
	<WeatherBlueprint>
		<iBlueprintLibrary-cAbsoluteBlueprintID>
			<BlueprintSetID>
				<iBlueprintLibrary-cBlueprintSetID>
					<Provider d:type="cDeltaString">Kuju</Provider>
					<Product d:type="cDeltaString">RailSimulatorCore</Product>
				</iBlueprintLibrary-cBlueprintSetID>
			</BlueprintSetID>
			<BlueprintID d:type="cDeltaString">weather\rw_stormy.xml</BlueprintID>
		</iBlueprintLibrary-cAbsoluteBlueprintID>
	</WeatherBlueprint>
	<WeatherExtensionBlueprint>
		<iBlueprintLibrary-cAbsoluteBlueprintID>
			<BlueprintSetID>
				<iBlueprintLibrary-cBlueprintSetID>
					<Provider d:type="cDeltaString"></Provider>
					<Product d:type="cDeltaString"></Product>
				</iBlueprintLibrary-cBlueprintSetID>
			</BlueprintSetID>
			<BlueprintID d:type="cDeltaString"></BlueprintID>
		</iBlueprintLibrary-cAbsoluteBlueprintID>
	</WeatherExtensionBlueprint>
	<Rating d:type="sInt32">2</Rating>
	<LocoClass d:type="cDeltaString">LOCO_CLASS_DIESEL</LocoClass>
	<HasRollingStart d:type="bool">0</HasRollingStart>
	<LoadedFromRollingStart d:type="bool">0</LoadedFromRollingStart>
	<FrontEndDriverList>
		<sDriverFrontEndDetails d:id="2100293736">
			<ServiceName>
				<Localisation-cUserLocalisedString>
					<English d:type="cDeltaString">EF15A 9764A</English>
					<French d:type="cDeltaString"></French>
					<Italian d:type="cDeltaString"></Italian>
					<German d:type="cDeltaString"></German>
					<Spanish d:type="cDeltaString"></Spanish>
					<Dutch d:type="cDeltaString"></Dutch>
					<Polish d:type="cDeltaString"></Polish>
					<Russian d:type="cDeltaString"></Russian>
					<Other/>
					<Key d:type="cDeltaString">710ac7e7-0346-4954-8402-9ea23a813396</Key>
				</Localisation-cUserLocalisedString>
			</ServiceName>
			<LocoName>
				<Localisation-cUserLocalisedString>
					<English d:type="cDeltaString">EMD F7 Pennsy</English>
					<French d:type="cDeltaString"></French>
					<Italian d:type="cDeltaString"></Italian>
					<German d:type="cDeltaString"></German>
					<Spanish d:type="cDeltaString"></Spanish>
					<Dutch d:type="cDeltaString"></Dutch>
					<Polish d:type="cDeltaString"></Polish>
					<Russian d:type="cDeltaString"></Russian>
					<Other/>
					<Key d:type="cDeltaString">RS_TXT_F7_PENN1</Key>
				</Localisation-cUserLocalisedString>
			</LocoName>
			<LocoBP>
				<iBlueprintLibrary-cAbsoluteBlueprintID>
					<BlueprintSetID>
						<iBlueprintLibrary-cBlueprintSetID>
							<Provider d:type="cDeltaString">RSC</Provider>
							<Product d:type="cDeltaString">HorseshoeCurve</Product>
						</iBlueprintLibrary-cBlueprintSetID>
					</BlueprintSetID>
					<BlueprintID d:type="cDeltaString">railvehicles\diesel\f7\default\engine\f7a_default.xml</BlueprintID>
				</iBlueprintLibrary-cAbsoluteBlueprintID>
			</LocoBP>
			<StartLocation>
				<Localisation-cUserLocalisedString>
					<English d:type="cDeltaString">Departure Siding</English>
					<French d:type="cDeltaString"></French>
					<Italian d:type="cDeltaString"></Italian>
					<German d:type="cDeltaString"></German>
					<Spanish d:type="cDeltaString"></Spanish>
					<Dutch d:type="cDeltaString"></Dutch>
					<Polish d:type="cDeltaString"></Polish>
					<Russian d:type="cDeltaString"></Russian>
					<Other/>
					<Key d:type="cDeltaString">53a79961-d6aa-457a-b410-e984e8fc3882</Key>
				</Localisation-cUserLocalisedString>
			</StartLocation>
			<LocoClass d:type="cDeltaString">LOCO_CLASS_DIESEL</LocoClass>
			<LocoAuthor d:type="cDeltaString">RSC</LocoAuthor>
			<FilePath d:type="cDeltaString">RSC\HorseshoeCurve\RailVehicles\Diesel\F7\Default\Engine</FilePath>
			<Longitude d:type="sFloat64" d:alt_encoding="F8C264AA609853C0" d:precision="string">-78.3809</Longitude>
			<Latitude d:type="sFloat64" d:alt_encoding="BF7D1D3867444440" d:precision="string">40.5344</Latitude>
			<Height d:type="sFloat32" d:alt_encoding="00000040336D7540" d:precision="string">342.825</Height>
			<PlayerDriver d:type="bool">1</PlayerDriver>
		</sDriverFrontEndDetails>
		<sDriverFrontEndDetails d:id="2100294032">
			<ServiceName>
				<Localisation-cUserLocalisedString>
					<English d:type="cDeltaString">ERS15 8797</English>
					<French d:type="cDeltaString"></French>
					<Italian d:type="cDeltaString"></Italian>
					<German d:type="cDeltaString"></German>
					<Spanish d:type="cDeltaString"></Spanish>
					<Dutch d:type="cDeltaString"></Dutch>
					<Polish d:type="cDeltaString"></Polish>
					<Russian d:type="cDeltaString"></Russian>
					<Other/>
					<Key d:type="cDeltaString">5447d0da-8371-4b15-ad73-0a61957f7d63</Key>
				</Localisation-cUserLocalisedString>
			</ServiceName>
			<LocoName>
				<Localisation-cUserLocalisedString>
					<English d:type="cDeltaString">EMD GP7 Pennsy</English>
					<French d:type="cDeltaString"></French>
					<Italian d:type="cDeltaString"></Italian>
					<German d:type="cDeltaString"></German>
					<Spanish d:type="cDeltaString"></Spanish>
					<Dutch d:type="cDeltaString"></Dutch>
					<Polish d:type="cDeltaString"></Polish>
					<Russian d:type="cDeltaString"></Russian>
					<Other/>
					<Key d:type="cDeltaString">RS_TXT_GP7_PRR</Key>
				</Localisation-cUserLocalisedString>
			</LocoName>
			<LocoBP>
				<iBlueprintLibrary-cAbsoluteBlueprintID>
					<BlueprintSetID>
						<iBlueprintLibrary-cBlueprintSetID>
							<Provider d:type="cDeltaString">RSC</Provider>
							<Product d:type="cDeltaString">HorseshoeCurve</Product>
						</iBlueprintLibrary-cBlueprintSetID>
					</BlueprintSetID>
					<BlueprintID d:type="cDeltaString">RailVehicles\Diesel\GP7\Default\Engine\GP7_default.xml</BlueprintID>
				</iBlueprintLibrary-cAbsoluteBlueprintID>
			</LocoBP>
			<StartLocation>
				<Localisation-cUserLocalisedString>
					<English d:type="cDeltaString"></English>
					<French d:type="cDeltaString"></French>
					<Italian d:type="cDeltaString"></Italian>
					<German d:type="cDeltaString"></German>
					<Spanish d:type="cDeltaString"></Spanish>
					<Dutch d:type="cDeltaString"></Dutch>
					<Polish d:type="cDeltaString"></Polish>
					<Russian d:type="cDeltaString"></Russian>
					<Other/>
					<Key d:type="cDeltaString">cc9cb453-62db-4dcb-a6be-c2e8ef148286</Key>
				</Localisation-cUserLocalisedString>
			</StartLocation>
			<LocoClass d:type="cDeltaString">LOCO_CLASS_DIESEL</LocoClass>
			<LocoAuthor d:type="cDeltaString">RSC</LocoAuthor>
			<FilePath d:type="cDeltaString">RSC\HorseshoeCurve\RailVehicles\Diesel\GP7\Default\Engine</FilePath>
			<Longitude d:type="sFloat64" d:alt_encoding="B81E85EB519853C0" d:precision="string">-78.38</Longitude>
			<Latitude d:type="sFloat64" d:alt_encoding="F853E3A59B444440" d:precision="string">40.536</Latitude>
			<Height d:type="sFloat32" d:alt_encoding="000000A0F1727540" d:precision="string">343.184</Height>
			<PlayerDriver d:type="bool">0</PlayerDriver>
		</sDriverFrontEndDetails>
	</FrontEndDriverList>
	<RequiredSet>
		<iBlueprintLibrary-cBlueprintSetID d:id="193556668">
			<Provider d:type="cDeltaString">RSC</Provider>
			<Product d:type="cDeltaString">HorseshoeCurve</Product>
		</iBlueprintLibrary-cBlueprintSetID>
	</RequiredSet>
	<Gizmo>
		<cOwnedEntity d:id="892606248">
			<Component>
				<cEditorSceneryRender d:id="1849764832">
					<DetailLevel d:type="sInt32">10</DetailLevel>
					<Global d:type="bool">0</Global>
				</cEditorSceneryRender>
				<cPosOri d:id="893340312">
					<RFarMatrix>
						<cFarMatrix d:id="893340324">
							<Height d:type="sFloat32" d:alt_encoding="000000E04F8B7540" d:precision="string">344.707</Height>
							<RXAxis d:numElements="4" d:elementType="sFloat32" d:precision="string">1.0000000 0.0000000 0.0000000 0.0000000</RXAxis>
							<RYAxis d:numElements="4" d:elementType="sFloat32" d:precision="string">0.0000000 1.0000000 0.0000000 0.0000000</RYAxis>
							<RZAxis d:numElements="4" d:elementType="sFloat32" d:precision="string">0.0000000 0.0000000 1.0000000 0.0000000</RZAxis>
							<RFarPosition>
								<cFarVector2 d:id="893340376">
									<X>
										<cFarCoordinate>
											<RouteCoordinate>
												<cRouteCoordinate>
													<Distance d:type="sInt32">8</Distance>
												</cRouteCoordinate>
											</RouteCoordinate>
											<TileCoordinate>
												<cTileCoordinate>
													<Distance d:type="sFloat32" d:alt_encoding="000000E0CE1D7A40" d:precision="string">417.863</Distance>
												</cTileCoordinate>
											</TileCoordinate>
										</cFarCoordinate>
									</X>
									<Z>
										<cFarCoordinate>
											<RouteCoordinate>
												<cRouteCoordinate>
													<Distance d:type="sInt32">4</Distance>
												</cRouteCoordinate>
											</RouteCoordinate>
											<TileCoordinate>
												<cTileCoordinate>
													<Distance d:type="sFloat32" d:alt_encoding="000000405E9E7140" d:precision="string">281.898</Distance>
												</cTileCoordinate>
											</TileCoordinate>
										</cFarCoordinate>
									</Z>
								</cFarVector2>
							</RFarPosition>
						</cFarMatrix>
					</RFarMatrix>
				</cPosOri>
				<cScriptComponent d:id="2088788816">
					<DebugDisplay d:type="bool">1</DebugDisplay>
					<StateName d:type="cDeltaString"></StateName>
				</cScriptComponent>
			</Component>
			<BlueprintID>
				<iBlueprintLibrary-cAbsoluteBlueprintID>
					<BlueprintSetID>
						<iBlueprintLibrary-cBlueprintSetID>
							<Provider d:type="cDeltaString">Kuju</Provider>
							<Product d:type="cDeltaString">RailSimulatorCore</Product>
						</iBlueprintLibrary-cBlueprintSetID>
					</BlueprintSetID>
					<BlueprintID d:type="cDeltaString">Editor\Gizmo\Scenario Markers\Career Scenario Marker.xml</BlueprintID>
				</iBlueprintLibrary-cAbsoluteBlueprintID>
			</BlueprintID>
			<ReskinBlueprintID>
				<iBlueprintLibrary-cAbsoluteBlueprintID>
					<BlueprintSetID>
						<iBlueprintLibrary-cBlueprintSetID>
							<Provider d:type="cDeltaString"></Provider>
							<Product d:type="cDeltaString"></Product>
						</iBlueprintLibrary-cBlueprintSetID>
					</BlueprintSetID>
					<BlueprintID d:type="cDeltaString"></BlueprintID>
				</iBlueprintLibrary-cAbsoluteBlueprintID>
			</ReskinBlueprintID>
			<Name d:type="cDeltaString">Career Scenario Marker</Name>
			<EntityID>
				<cGUID>
					<UUID>
						<e d:type="sUInt64">5155499541549125629</e>
						<e d:type="sUInt64">10287550385081443736</e>
					</UUID>
					<DevString d:type="cDeltaString">9db98ffd-0384-478c-9865-b6c791b8c48e</DevString>
				</cGUID>
			</EntityID>
		</cOwnedEntity>
	</Gizmo>
	<SimulationTime d:type="sFloat32" d:alt_encoding="0000000000000000" d:precision="string">0</SimulationTime>
	<AuthoredLanguage d:type="cDeltaString">en</AuthoredLanguage>
	<Version d:type="sFloat32" d:alt_encoding="000000000000F03F" d:precision="string">1</Version>
	<Author d:type="cDeltaString">RSC, SenorPez</Author>
	<DispatcherVersion d:type="cDeltaString">V1</DispatcherVersion>
	<RBlueprintSetPreLoad/>
	<NamedEntity>
		<cScenarioProperties-cGuidToNameMapping d:id="-2122246912">
			<Guid>
				<cGUID>
					<UUID>
						<e d:type="sUInt64">4804096360263927503</e>
						<e d:type="sUInt64">15466835248314863801</e>
					</UUID>
					<DevString d:type="cDeltaString">bc4746cf-942f-42ab-b950-4c27b63ca5d6</DevString>
				</cGUID>
			</Guid>
			<Name d:type="cDeltaString">camera1</Name>
		</cScenarioProperties-cGuidToNameMapping>
		<cScenarioProperties-cGuidToNameMapping d:id="-2122246816">
			<Guid>
				<cGUID>
					<UUID>
						<e d:type="sUInt64">5629861417921237168</e>
						<e d:type="sUInt64">8658357048578402463</e>
					</UUID>
					<DevString d:type="cDeltaString">9ddf50b0-4921-4e21-9fe8-039bdca92878</DevString>
				</cGUID>
			</Guid>
			<Name d:type="cDeltaString">camera2</Name>
		</cScenarioProperties-cGuidToNameMapping>
		<cScenarioProperties-cGuidToNameMapping d:id="-2122247072">
			<Guid>
				<cGUID>
					<UUID>
						<e d:type="sUInt64">5141963526550430635</e>
						<e d:type="sUInt64">16895263386802802873</e>
					</UUID>
					<DevString d:type="cDeltaString">880da3ab-ec95-475b-b950-0b0d890878ea</DevString>
				</cGUID>
			</Guid>
			<Name d:type="cDeltaString">camera3</Name>
		</cScenarioProperties-cGuidToNameMapping>
		<cScenarioProperties-cGuidToNameMapping d:id="-2122248352">
			<Guid>
				<cGUID>
					<UUID>
						<e d:type="sUInt64">0</e>
						<e d:type="sUInt64">0</e>
					</UUID>
					<DevString d:type="cDeltaString">00000000-0000-0000-0000-000000000000</DevString>
				</cGUID>
			</Guid>
			<Name d:type="cDeltaString">rose</Name>
		</cScenarioProperties-cGuidToNameMapping>
		<cScenarioProperties-cGuidToNameMapping d:id="-2122247424">
			<Guid>
				<cGUID>
					<UUID>
						<e d:type="sUInt64">5018139682695328095</e>
						<e d:type="sUInt64">15849355063342944700</e>
					</UUID>
					<DevString d:type="cDeltaString">4458b15f-0374-45a4-bc51-98e57438f4db</DevString>
				</cGUID>
			</Guid>
			<Name d:type="cDeltaString">rose2</Name>
		</cScenarioProperties-cGuidToNameMapping>
	</NamedEntity>
	<Condition/>
	<DeferredEvent/>
	<CheckedCondition/>
	<CareerRules>
		<cCareerRules d:id="223827096">
			<Parent>
				<cGUID>
					<UUID>
						<e d:type="sUInt64">5268639780698284988</e>
						<e d:type="sUInt64">18097162029924410261</e>
					</UUID>
					<DevString d:type="cDeltaString">520363bc-f7f7-491d-95e3-54bcfb0826fb</DevString>
				</cGUID>
			</Parent>
			<StartScore d:type="sInt32">0</StartScore>
			<Version d:type="sInt32">1</Version>
			<CodeVersion d:type="sInt32">3</CodeVersion>
			<DLC d:type="sInt32">0</DLC>
			<StatsGroup d:type="sInt32">0</StatsGroup>
			<SpeedCheckIntervalSec d:type="sFloat32" d:alt_encoding="000000000000F03F" d:precision="string">1</SpeedCheckIntervalSec>
			<PointsPerMPHPerInterval d:type="sFloat32" d:alt_encoding="000000000000F03F" d:precision="string">1</PointsPerMPHPerInterval>
			<SpeedMultiplierThresholdSec d:type="sFloat32" d:alt_encoding="0000000000004E40" d:precision="string">60</SpeedMultiplierThresholdSec>
			<SpeedMultiplier d:type="sFloat32" d:alt_encoding="000000000000F03F" d:precision="string">1</SpeedMultiplier>
			<ComfortCheckIntervalSec d:type="sFloat32" d:alt_encoding="000000000000F03F" d:precision="string">1</ComfortCheckIntervalSec>
			<PointsPerGPerInterval d:type="sFloat32" d:alt_encoding="0000000000005440" d:precision="string">80</PointsPerGPerInterval>
			<ComfortForceLimitG d:type="sFloat32" d:alt_encoding="00000040E17AB43F" d:precision="string">0.08</ComfortForceLimitG>
			<ComfortForceMaxScaleG d:type="sFloat32" d:alt_encoding="000000A09999B93F" d:precision="string">0.1</ComfortForceMaxScaleG>
			<LateralComfortForceLimitG d:type="sFloat32" d:alt_encoding="000000A09999B93F" d:precision="string">0.1</LateralComfortForceLimitG>
			<LateralComfortForceMaxScaleG d:type="sFloat32" d:alt_encoding="000000C0F528BC3F" d:precision="string">0.11</LateralComfortForceMaxScaleG>
			<LatePointsPerSecond d:type="sFloat32" d:alt_encoding="000000A09999B93F" d:precision="string">0.1</LatePointsPerSecond>
			<LateMuliplierPerMinute d:type="sFloat32" d:alt_encoding="000000000000F03F" d:precision="string">1</LateMuliplierPerMinute>
			<EarlyPointsAddedPerSecond d:type="sFloat32" d:alt_encoding="000000A09999B93F" d:precision="string">0.1</EarlyPointsAddedPerSecond>
			<EarlyMultiplierPerMinute d:type="sFloat32" d:alt_encoding="000000000000F03F" d:precision="string">1</EarlyMultiplierPerMinute>
			<MissedStopPoints d:type="sFloat32" d:alt_encoding="0000000000006940" d:precision="string">200</MissedStopPoints>
			<LeaveEarlyPoints d:type="sFloat32" d:alt_encoding="0000000000006940" d:precision="string">200</LeaveEarlyPoints>
			<ArrivalPoints d:type="sFloat32" d:alt_encoding="0000000000406F40" d:precision="string">250</ArrivalPoints>
			<WheelslipPointsPerSec d:type="sFloat32" d:alt_encoding="0000000000001440" d:precision="string">5</WheelslipPointsPerSec>
			<PointsPerOpError d:type="sFloat32" d:alt_encoding="0000000000004940" d:precision="string">50</PointsPerOpError>
			<FuelUsageThreshold d:type="sFloat32" d:alt_encoding="0000000000408F40" d:precision="string">1000</FuelUsageThreshold>
			<FuelPointsPerUnitUsed d:type="sFloat32" d:alt_encoding="0000000000002440" d:precision="string">10</FuelPointsPerUnitUsed>
			<EmergencyBrakingPointsPerSec d:type="sFloat32" d:alt_encoding="000000000000F03F" d:precision="string">1</EmergencyBrakingPointsPerSec>
			<AccuracyBonus d:type="sFloat32" d:alt_encoding="0000000000000000" d:precision="string">0</AccuracyBonus>
			<AccuracyPenalty d:type="sFloat32" d:alt_encoding="0000000000000000" d:precision="string">0</AccuracyPenalty>
			<MaxAccuracyPenalty d:type="sFloat32" d:alt_encoding="0000000000C07240" d:precision="string">300</MaxAccuracyPenalty>
			<CarriagesPenalty d:type="sFloat32" d:alt_encoding="0000000000000000" d:precision="string">0</CarriagesPenalty>
			<MD5 d:type="cDeltaString"></MD5>
			<GoldMedalThreshold d:type="sUInt32">900</GoldMedalThreshold>
			<SilverMedalThreshold d:type="sUInt32">750</SilverMedalThreshold>
			<BronzeMedalThreshold d:type="sUInt32">500</BronzeMedalThreshold>
			<WhistleSignPoints d:type="sFloat32" d:alt_encoding="0000000000000000" d:precision="string">0</WhistleSignPoints>
		</cCareerRules>
	</CareerRules>
	<MD5 d:type="cDeltaString">E667C7694675974B77DF7B2D1C02B7DF</MD5>
	<MessageEvent/>
	<SimpleControlsOnly d:type="bool">0</SimpleControlsOnly>
	<ExpertControlsOnly d:type="bool">0</ExpertControlsOnly>
	<LocksScenario>
		<cGUID>
			<UUID>
				<e d:type="sUInt64">5121605346268187279</e>
				<e d:type="sUInt64">15583015991978817425</e>
			</UUID>
			<DevString d:type="cDeltaString">500e8a8f-98ed-4713-91f7-207b7bfe41d8</DevString>
		</cGUID>
		<cGUID>
			<UUID>
				<e d:type="sUInt64">4852912472644249333</e>
				<e d:type="sUInt64">2521887693116276637</e>
			</UUID>
			<DevString d:type="cDeltaString">9a05e6f5-022e-4359-9dff-9fcf7e8bff22</DevString>
		</cGUID>
	</LocksScenario>
</cScenarioProperties>
