<?xml version="1.0" encoding="utf-8"?>
<cScenarioProperties xmlns:d="http://www.kuju.com/TnT/2003/Delta" d:version="1.0" d:id="221318792">
	<ID>
		<cGUID>
			<UUID>
				<e d:type="sUInt64">5488137522842754160</e>
				<e d:type="sUInt64">5554843545381599165</e>
			</UUID>
			<DevString d:type="cDeltaString">e788dc70-c7ff-4c29-bd77-5711c6c4164d</DevString>
		</cGUID>
	</ID>
	<String/>
	<DisplayName>
		<Localisation-cUserLocalisedString>
			<English d:type="cDeltaString">Transcontinental Link (v2)</English>
			<French d:type="cDeltaString"></French>
			<Italian d:type="cDeltaString"></Italian>
			<German d:type="cDeltaString"></German>
			<Spanish d:type="cDeltaString"></Spanish>
			<Dutch d:type="cDeltaString"></Dutch>
			<Polish d:type="cDeltaString"></Polish>
			<Russian d:type="cDeltaString"></Russian>
			<Other/>
			<Key d:type="cDeltaString">48c48221-e3b6-4832-bc78-bf4ef7e7a533</Key>
		</Localisation-cUserLocalisedString>
	</DisplayName>
	<Description>
		<Localisation-cUserLocalisedString>
			<English d:type="cDeltaString">It is the late 1970s and the F7 on the line is doing one of its last runs down to Colorado Springs.  Perform passenger stops based on a timetable.</English>
			<French d:type="cDeltaString"></French>
			<Italian d:type="cDeltaString"></Italian>
			<German d:type="cDeltaString"></German>
			<Spanish d:type="cDeltaString"></Spanish>
			<Dutch d:type="cDeltaString"></Dutch>
			<Polish d:type="cDeltaString"></Polish>
			<Russian d:type="cDeltaString"></Russian>
			<Other/>
			<Key d:type="cDeltaString">fbeb7b3b-1f00-44f4-8fe6-3788bb9ddecf</Key>
		</Localisation-cUserLocalisedString>
	</Description>
	<Briefing>
		<Localisation-cUserLocalisedString>
			<English d:type="cDeltaString">It is the late 1970s and the F7 on the line is doing one of its last runs down to Colorado Springs.  Perform passenger stops based on a timetable.</English>
			<French d:type="cDeltaString"></French>
			<Italian d:type="cDeltaString"></Italian>
			<German d:type="cDeltaString"></German>
			<Spanish d:type="cDeltaString"></Spanish>
			<Dutch d:type="cDeltaString"></Dutch>
			<Polish d:type="cDeltaString"></Polish>
			<Russian d:type="cDeltaString"></Russian>
			<Other/>
			<Key d:type="cDeltaString">6fb181f1-f404-4b0a-9d51-874a29c6739b</Key>
		</Localisation-cUserLocalisedString>
	</Briefing>
	<StartLocation>
		<Localisation-cUserLocalisedString>
			<English d:type="cDeltaString">Castle Rock</English>
			<French d:type="cDeltaString"></French>
			<Italian d:type="cDeltaString"></Italian>
			<German d:type="cDeltaString"></German>
			<Spanish d:type="cDeltaString"></Spanish>
			<Dutch d:type="cDeltaString"></Dutch>
			<Polish d:type="cDeltaString"></Polish>
			<Russian d:type="cDeltaString"></Russian>
			<Other/>
			<Key d:type="cDeltaString">256f2e57-336e-4fa3-8f88-442834f7f8ee</Key>
		</Localisation-cUserLocalisedString>
	</StartLocation>
	<ScenarioClass d:type="cDeltaString">eCareerScenarioClass</ScenarioClass>
	<StartTime d:type="sFloat32" d:alt_encoding="000000008064EB40" d:precision="string">56100</StartTime>
	<DurationMins d:type="sInt32">30</DurationMins>
	<StartDD d:type="sInt32">13</StartDD>
	<StartMM d:type="sInt32">2</StartMM>
	<StartYYYY d:type="sInt32">1977</StartYYYY>
	<Season d:type="cDeltaString">SEASON_SPRING</Season>
	<WeatherBlueprint>
		<iBlueprintLibrary-cAbsoluteBlueprintID>
			<BlueprintSetID>
				<iBlueprintLibrary-cBlueprintSetID>
					<Provider d:type="cDeltaString">Kuju</Provider>
					<Product d:type="cDeltaString">RailSimulatorCore</Product>
				</iBlueprintLibrary-cBlueprintSetID>
			</BlueprintSetID>
			<BlueprintID d:type="cDeltaString">weather\rw_clear.xml</BlueprintID>
		</iBlueprintLibrary-cAbsoluteBlueprintID>
	</WeatherBlueprint>
	<WeatherExtensionBlueprint>
		<iBlueprintLibrary-cAbsoluteBlueprintID>
			<BlueprintSetID>
				<iBlueprintLibrary-cBlueprintSetID>
					<Provider d:type="cDeltaString"></Provider>
					<Product d:type="cDeltaString"></Product>
				</iBlueprintLibrary-cBlueprintSetID>
			</BlueprintSetID>
			<BlueprintID d:type="cDeltaString"></BlueprintID>
		</iBlueprintLibrary-cAbsoluteBlueprintID>
	</WeatherExtensionBlueprint>
	<Rating d:type="sInt32">1</Rating>
	<LocoClass d:type="cDeltaString">LOCO_CLASS_DIESEL</LocoClass>
	<HasRollingStart d:type="bool">0</HasRollingStart>
	<LoadedFromRollingStart d:type="bool">0</LoadedFromRollingStart>
	<FrontEndDriverList>
		<sDriverFrontEndDetails d:id="1033730568">
			<ServiceName>
				<Localisation-cUserLocalisedString>
					<English d:type="cDeltaString"> F7 1478 Stopping</English>
					<French d:type="cDeltaString"></French>
					<Italian d:type="cDeltaString"></Italian>
					<German d:type="cDeltaString"></German>
					<Spanish d:type="cDeltaString"></Spanish>
					<Dutch d:type="cDeltaString"></Dutch>
					<Polish d:type="cDeltaString"></Polish>
					<Russian d:type="cDeltaString"></Russian>
					<Other/>
					<Key d:type="cDeltaString">09e3ec28-97c3-4818-8b1f-ea1a743dcb4e</Key>
				</Localisation-cUserLocalisedString>
			</ServiceName>
			<LocoName>
				<Localisation-cUserLocalisedString>
					<English d:type="cDeltaString">EMD F7 UPRR</English>
					<French d:type="cDeltaString"></French>
					<Italian d:type="cDeltaString"></Italian>
					<German d:type="cDeltaString"></German>
					<Spanish d:type="cDeltaString"></Spanish>
					<Dutch d:type="cDeltaString"></Dutch>
					<Polish d:type="cDeltaString"></Polish>
					<Russian d:type="cDeltaString"></Russian>
					<Other/>
					<Key d:type="cDeltaString">RS_TXT_F7_UPRR1</Key>
				</Localisation-cUserLocalisedString>
			</LocoName>
			<LocoBP>
				<iBlueprintLibrary-cAbsoluteBlueprintID>
					<BlueprintSetID>
						<iBlueprintLibrary-cBlueprintSetID>
							<Provider d:type="cDeltaString">Kuju</Provider>
							<Product d:type="cDeltaString">RailsimulatorUS</Product>
						</iBlueprintLibrary-cBlueprintSetID>
					</BlueprintSetID>
					<BlueprintID d:type="cDeltaString">RailVehicles\Diesel\F7\Default\UPRR\F7A_UPRR.xml</BlueprintID>
				</iBlueprintLibrary-cAbsoluteBlueprintID>
			</LocoBP>
			<StartLocation>
				<Localisation-cUserLocalisedString>
					<English d:type="cDeltaString">Castle Rock 2</English>
					<French d:type="cDeltaString"></French>
					<Italian d:type="cDeltaString"></Italian>
					<German d:type="cDeltaString"></German>
					<Spanish d:type="cDeltaString"></Spanish>
					<Dutch d:type="cDeltaString"></Dutch>
					<Polish d:type="cDeltaString"></Polish>
					<Russian d:type="cDeltaString"></Russian>
					<Other/>
					<Key d:type="cDeltaString">27c03883-7a4e-4f01-8b57-4ba49b0e45ae</Key>
				</Localisation-cUserLocalisedString>
			</StartLocation>
			<LocoClass d:type="cDeltaString">LOCO_CLASS_DIESEL</LocoClass>
			<LocoAuthor d:type="cDeltaString">Kuju</LocoAuthor>
			<FilePath d:type="cDeltaString">Kuju\RailsimulatorUS\RailVehicles\Diesel\F7\Default\UPRR</FilePath>
			<Longitude d:type="sFloat64" d:alt_encoding="00000020C7365AC0" d:precision="string">-104.856</Longitude>
			<Latitude d:type="sFloat64" d:alt_encoding="0000004086AF4340" d:precision="string">39.3713</Latitude>
			<Height d:type="sFloat32" d:alt_encoding="000000A095C79D40" d:precision="string">1905.9</Height>
			<PlayerDriver d:type="bool">1</PlayerDriver>
		</sDriverFrontEndDetails>
		<sDriverFrontEndDetails d:id="1033731160">
			<ServiceName>
				<Localisation-cUserLocalisedString>
					<English d:type="cDeltaString">SD40-2 6392 Mixed Freight</English>
					<French d:type="cDeltaString"></French>
					<Italian d:type="cDeltaString"></Italian>
					<German d:type="cDeltaString"></German>
					<Spanish d:type="cDeltaString"></Spanish>
					<Dutch d:type="cDeltaString"></Dutch>
					<Polish d:type="cDeltaString"></Polish>
					<Russian d:type="cDeltaString"></Russian>
					<Other/>
					<Key d:type="cDeltaString">91885d92-49fa-4b21-aa84-f490f3ab3426</Key>
				</Localisation-cUserLocalisedString>
			</ServiceName>
			<LocoName>
				<Localisation-cUserLocalisedString>
					<English d:type="cDeltaString">EMD SD40-2 Unweathered</English>
					<French d:type="cDeltaString"></French>
					<Italian d:type="cDeltaString"></Italian>
					<German d:type="cDeltaString"></German>
					<Spanish d:type="cDeltaString"></Spanish>
					<Dutch d:type="cDeltaString"></Dutch>
					<Polish d:type="cDeltaString"></Polish>
					<Russian d:type="cDeltaString"></Russian>
					<Other/>
					<Key d:type="cDeltaString">RS_TXT_SD40_UNWEATHERED</Key>
				</Localisation-cUserLocalisedString>
			</LocoName>
			<LocoBP>
				<iBlueprintLibrary-cAbsoluteBlueprintID>
					<BlueprintSetID>
						<iBlueprintLibrary-cBlueprintSetID>
							<Provider d:type="cDeltaString">Kuju</Provider>
							<Product d:type="cDeltaString">RailsimulatorUS</Product>
						</iBlueprintLibrary-cBlueprintSetID>
					</BlueprintSetID>
					<BlueprintID d:type="cDeltaString">RailVehicles\Diesel\SD40-2\Def2\Engine\sd40_2_Def2.xml</BlueprintID>
				</iBlueprintLibrary-cAbsoluteBlueprintID>
			</LocoBP>
			<StartLocation>
				<Localisation-cUserLocalisedString>
					<English d:type="cDeltaString"></English>
					<French d:type="cDeltaString"></French>
					<Italian d:type="cDeltaString"></Italian>
					<German d:type="cDeltaString"></German>
					<Spanish d:type="cDeltaString"></Spanish>
					<Dutch d:type="cDeltaString"></Dutch>
					<Polish d:type="cDeltaString"></Polish>
					<Russian d:type="cDeltaString"></Russian>
					<Other/>
					<Key d:type="cDeltaString">4b4cc17e-ce73-45c6-867e-302f75458f89</Key>
				</Localisation-cUserLocalisedString>
			</StartLocation>
			<LocoClass d:type="cDeltaString">LOCO_CLASS_DIESEL</LocoClass>
			<LocoAuthor d:type="cDeltaString">Kuju</LocoAuthor>
			<FilePath d:type="cDeltaString">Kuju\RailsimulatorUS\RailVehicles\Diesel\SD40-2\Def2\Engine</FilePath>
			<Longitude d:type="sFloat64" d:alt_encoding="0000008059385AC0" d:precision="string">-104.88</Longitude>
			<Latitude d:type="sFloat64" d:alt_encoding="000000A072A74340" d:precision="string">39.3082</Latitude>
			<Height d:type="sFloat32" d:alt_encoding="000000A035B59E40" d:precision="string">1965.3</Height>
			<PlayerDriver d:type="bool">0</PlayerDriver>
		</sDriverFrontEndDetails>
		<sDriverFrontEndDetails d:id="1033731456">
			<ServiceName>
				<Localisation-cUserLocalisedString>
					<English d:type="cDeltaString">SD40-2 3295 Mixed Freight</English>
					<French d:type="cDeltaString"></French>
					<Italian d:type="cDeltaString"></Italian>
					<German d:type="cDeltaString"></German>
					<Spanish d:type="cDeltaString"></Spanish>
					<Dutch d:type="cDeltaString"></Dutch>
					<Polish d:type="cDeltaString"></Polish>
					<Russian d:type="cDeltaString"></Russian>
					<Other/>
					<Key d:type="cDeltaString">3b641a3c-10b6-4ebf-aa7a-0e6d0e303dd6</Key>
				</Localisation-cUserLocalisedString>
			</ServiceName>
			<LocoName>
				<Localisation-cUserLocalisedString>
					<English d:type="cDeltaString">EMD SD40-2 Black</English>
					<French d:type="cDeltaString"></French>
					<Italian d:type="cDeltaString"></Italian>
					<German d:type="cDeltaString"></German>
					<Spanish d:type="cDeltaString"></Spanish>
					<Dutch d:type="cDeltaString"></Dutch>
					<Polish d:type="cDeltaString"></Polish>
					<Russian d:type="cDeltaString"></Russian>
					<Other/>
					<Key d:type="cDeltaString">RS_TXT_SD40_BLACK</Key>
				</Localisation-cUserLocalisedString>
			</LocoName>
			<LocoBP>
				<iBlueprintLibrary-cAbsoluteBlueprintID>
					<BlueprintSetID>
						<iBlueprintLibrary-cBlueprintSetID>
							<Provider d:type="cDeltaString">Kuju</Provider>
							<Product d:type="cDeltaString">RailsimulatorUS</Product>
						</iBlueprintLibrary-cBlueprintSetID>
					</BlueprintSetID>
					<BlueprintID d:type="cDeltaString">RailVehicles\Diesel\SD40-2\Black\Engine\sd40_2_black.xml</BlueprintID>
				</iBlueprintLibrary-cAbsoluteBlueprintID>
			</LocoBP>
			<StartLocation>
				<Localisation-cUserLocalisedString>
					<English d:type="cDeltaString"></English>
					<French d:type="cDeltaString"></French>
					<Italian d:type="cDeltaString"></Italian>
					<German d:type="cDeltaString"></German>
					<Spanish d:type="cDeltaString"></Spanish>
					<Dutch d:type="cDeltaString"></Dutch>
					<Polish d:type="cDeltaString"></Polish>
					<Russian d:type="cDeltaString"></Russian>
					<Other/>
					<Key d:type="cDeltaString">8b78e07d-879c-4201-a2b8-a3e7bc6922b7</Key>
				</Localisation-cUserLocalisedString>
			</StartLocation>
			<LocoClass d:type="cDeltaString">LOCO_CLASS_DIESEL</LocoClass>
			<LocoAuthor d:type="cDeltaString">Kuju</LocoAuthor>
			<FilePath d:type="cDeltaString">Kuju\RailsimulatorUS\RailVehicles\Diesel\SD40-2\Black\Engine</FilePath>
			<Longitude d:type="sFloat64" d:alt_encoding="000000C015375AC0" d:precision="string">-104.861</Longitude>
			<Latitude d:type="sFloat64" d:alt_encoding="00000020FC994340" d:precision="string">39.203</Latitude>
			<Height d:type="sFloat32" d:alt_encoding="000000608B3FA040" d:precision="string">2079.77</Height>
			<PlayerDriver d:type="bool">0</PlayerDriver>
		</sDriverFrontEndDetails>
	</FrontEndDriverList>
	<RequiredSet>
		<iBlueprintLibrary-cBlueprintSetID d:id="322618306">
			<Provider d:type="cDeltaString">Kuju</Provider>
			<Product d:type="cDeltaString">RailsimulatorUS</Product>
		</iBlueprintLibrary-cBlueprintSetID>
	</RequiredSet>
	<Gizmo>
		<cOwnedEntity d:id="220421136">
			<Component>
				<cEditorSceneryRender d:id="221338048">
					<DetailLevel d:type="sInt32">10</DetailLevel>
					<Global d:type="bool">0</Global>
					<Saved d:type="bool">1</Saved>
					<Palette0Index d:type="sUInt8">53</Palette0Index>
					<Palette1Index d:type="sUInt8">234</Palette1Index>
					<Palette2Index d:type="sUInt8">252</Palette2Index>
				</cEditorSceneryRender>
				<cPosOri d:id="220652312">
					<Scale d:numElements="4" d:elementType="sFloat32" d:precision="string">1.0000000 1.0000000 1.0000000 0.0000000</Scale>
					<RFarMatrix>
						<cFarMatrix d:id="220652324">
							<Height d:type="sFloat32" d:alt_encoding="0000002085C69D40" d:precision="string">1905.63</Height>
							<RXAxis d:numElements="4" d:elementType="sFloat32" d:precision="string">1.0000000 0.0000000 0.0000000 0.0000000</RXAxis>
							<RYAxis d:numElements="4" d:elementType="sFloat32" d:precision="string">0.0000000 1.0000000 0.0000000 0.0000000</RYAxis>
							<RZAxis d:numElements="4" d:elementType="sFloat32" d:precision="string">0.0000000 0.0000000 1.0000000 0.0000000</RZAxis>
							<RFarPosition>
								<cFarVector2 d:id="220652376">
									<X>
										<cFarCoordinate>
											<RouteCoordinate>
												<cRouteCoordinate>
													<Distance d:type="sInt32">1</Distance>
												</cRouteCoordinate>
											</RouteCoordinate>
											<TileCoordinate>
												<cTileCoordinate>
													<Distance d:type="sFloat32" d:alt_encoding="000000A0435F7840" d:precision="string">389.954</Distance>
												</cTileCoordinate>
											</TileCoordinate>
										</cFarCoordinate>
									</X>
									<Z>
										<cFarCoordinate>
											<RouteCoordinate>
												<cRouteCoordinate>
													<Distance d:type="sInt32">30</Distance>
												</cRouteCoordinate>
											</RouteCoordinate>
											<TileCoordinate>
												<cTileCoordinate>
													<Distance d:type="sFloat32" d:alt_encoding="00000040B6597240" d:precision="string">293.607</Distance>
												</cTileCoordinate>
											</TileCoordinate>
										</cFarCoordinate>
									</Z>
								</cFarVector2>
							</RFarPosition>
						</cFarMatrix>
					</RFarMatrix>
				</cPosOri>
				<cScriptComponent d:id="155829624">
					<DebugDisplay d:type="bool">1</DebugDisplay>
					<StateName d:type="cDeltaString"></StateName>
				</cScriptComponent>
			</Component>
			<BlueprintID>
				<iBlueprintLibrary-cAbsoluteBlueprintID>
					<BlueprintSetID>
						<iBlueprintLibrary-cBlueprintSetID>
							<Provider d:type="cDeltaString">Kuju</Provider>
							<Product d:type="cDeltaString">RailSimulatorCore</Product>
						</iBlueprintLibrary-cBlueprintSetID>
					</BlueprintSetID>
					<BlueprintID d:type="cDeltaString">Editor\Gizmo\Scenario Markers\Career Scenario Marker.xml</BlueprintID>
				</iBlueprintLibrary-cAbsoluteBlueprintID>
			</BlueprintID>
			<ReskinBlueprintID>
				<iBlueprintLibrary-cAbsoluteBlueprintID>
					<BlueprintSetID>
						<iBlueprintLibrary-cBlueprintSetID>
							<Provider d:type="cDeltaString"></Provider>
							<Product d:type="cDeltaString"></Product>
						</iBlueprintLibrary-cBlueprintSetID>
					</BlueprintSetID>
					<BlueprintID d:type="cDeltaString"></BlueprintID>
				</iBlueprintLibrary-cAbsoluteBlueprintID>
			</ReskinBlueprintID>
			<Name d:type="cDeltaString">Career Scenario Marker</Name>
			<EntityID>
				<cGUID>
					<UUID>
						<e d:type="sUInt64">4896862150455512444</e>
						<e d:type="sUInt64">688109673440871298</e>
					</UUID>
					<DevString d:type="cDeltaString">5ff4cd7c-262e-43f5-8203-f42b1aa88c09</DevString>
				</cGUID>
			</EntityID>
		</cOwnedEntity>
	</Gizmo>
	<SimulationTime d:type="sFloat32" d:alt_encoding="0000000000000000" d:precision="string">0</SimulationTime>
	<AuthoredLanguage d:type="cDeltaString">en</AuthoredLanguage>
	<Version d:type="sFloat32" d:alt_encoding="000000000000F03F" d:precision="string">1</Version>
	<Author d:type="cDeltaString">RSC, SenorPez</Author>
	<DispatcherVersion d:type="cDeltaString">V1</DispatcherVersion>
	<RBlueprintSetPreLoad/>
	<NamedEntity/>
	<Condition/>
	<DeferredEvent/>
	<CheckedCondition/>
	<CareerRules>
		<cCareerRules d:id="221174296">
			<Parent>
				<cGUID>
					<UUID>
						<e d:type="sUInt64">5488137522842754160</e>
						<e d:type="sUInt64">5554843545381599165</e>
					</UUID>
					<DevString d:type="cDeltaString">e788dc70-c7ff-4c29-bd77-5711c6c4164d</DevString>
				</cGUID>
			</Parent>
			<StartScore d:type="sInt32">0</StartScore>
			<Version d:type="sInt32">2</Version>
			<CodeVersion d:type="sInt32">1</CodeVersion>
			<DLC d:type="sInt32">0</DLC>
			<StatsGroup d:type="sInt32">0</StatsGroup>
			<SpeedCheckIntervalSec d:type="sFloat32" d:alt_encoding="000000000000F03F" d:precision="string">1</SpeedCheckIntervalSec>
			<PointsPerMPHPerInterval d:type="sFloat32" d:alt_encoding="000000000000F03F" d:precision="string">1</PointsPerMPHPerInterval>
			<SpeedMultiplierThresholdSec d:type="sFloat32" d:alt_encoding="0000000000002440" d:precision="string">10</SpeedMultiplierThresholdSec>
			<SpeedMultiplier d:type="sFloat32" d:alt_encoding="0000000000000040" d:precision="string">2</SpeedMultiplier>
			<ComfortCheckIntervalSec d:type="sFloat32" d:alt_encoding="000000000000F03F" d:precision="string">1</ComfortCheckIntervalSec>
			<PointsPerGPerInterval d:type="sFloat32" d:alt_encoding="0000000000005940" d:precision="string">100</PointsPerGPerInterval>
			<ComfortForceLimitG d:type="sFloat32" d:alt_encoding="000000A09999B93F" d:precision="string">0.1</ComfortForceLimitG>
			<ComfortForceMaxScaleG d:type="sFloat32" d:alt_encoding="000000E051B8BE3F" d:precision="string">0.12</ComfortForceMaxScaleG>
			<LateralComfortForceLimitG d:type="sFloat32" d:alt_encoding="000000000000D03F" d:precision="string">0.25</LateralComfortForceLimitG>
			<LateralComfortForceMaxScaleG d:type="sFloat32" d:alt_encoding="000000403333D33F" d:precision="string">0.3</LateralComfortForceMaxScaleG>
			<LatePointsPerSecond d:type="sFloat32" d:alt_encoding="000000000000F03F" d:precision="string">1</LatePointsPerSecond>
			<LateMuliplierPerMinute d:type="sFloat32" d:alt_encoding="0000000000000040" d:precision="string">2</LateMuliplierPerMinute>
			<EarlyPointsAddedPerSecond d:type="sFloat32" d:alt_encoding="000000000000F03F" d:precision="string">1</EarlyPointsAddedPerSecond>
			<EarlyMultiplierPerMinute d:type="sFloat32" d:alt_encoding="000000000000F03F" d:precision="string">1</EarlyMultiplierPerMinute>
			<MissedStopPoints d:type="sFloat32" d:alt_encoding="0000000000006940" d:precision="string">200</MissedStopPoints>
			<LeaveEarlyPoints d:type="sFloat32" d:alt_encoding="0000000000006940" d:precision="string">200</LeaveEarlyPoints>
			<ArrivalPoints d:type="sFloat32" d:alt_encoding="0000000000E07440" d:precision="string">334</ArrivalPoints>
			<WheelslipPointsPerSec d:type="sFloat32" d:alt_encoding="0000000000001440" d:precision="string">5</WheelslipPointsPerSec>
			<PointsPerOpError d:type="sFloat32" d:alt_encoding="0000000000004940" d:precision="string">50</PointsPerOpError>
			<FuelUsageThreshold d:type="sFloat32" d:alt_encoding="0000000000005940" d:precision="string">100</FuelUsageThreshold>
			<FuelPointsPerUnitUsed d:type="sFloat32" d:alt_encoding="0000000000002440" d:precision="string">10</FuelPointsPerUnitUsed>
			<EmergencyBrakingPointsPerSec d:type="sFloat32" d:alt_encoding="000000000000F03F" d:precision="string">1</EmergencyBrakingPointsPerSec>
			<AccuracyBonus d:type="sFloat32" d:alt_encoding="0000000000000000" d:precision="string">0</AccuracyBonus>
			<AccuracyPenalty d:type="sFloat32" d:alt_encoding="0000000000000000" d:precision="string">0</AccuracyPenalty>
			<MaxAccuracyPenalty d:type="sFloat32" d:alt_encoding="0000000000000000" d:precision="string">0</MaxAccuracyPenalty>
			<CarriagesPenalty d:type="sFloat32" d:alt_encoding="0000000000000000" d:precision="string">0</CarriagesPenalty>
			<MD5 d:type="cDeltaString"></MD5>
			<GoldMedalThreshold d:type="sUInt32">900</GoldMedalThreshold>
			<SilverMedalThreshold d:type="sUInt32">750</SilverMedalThreshold>
			<BronzeMedalThreshold d:type="sUInt32">500</BronzeMedalThreshold>
			<WhistleSignPoints d:type="sFloat32" d:alt_encoding="0000000000000000" d:precision="string">0</WhistleSignPoints>
		</cCareerRules>
	</CareerRules>
	<MD5 d:type="cDeltaString">FB95E0368978974926E7C82FAE3BCDCD</MD5>
	<MessageEvent/>
	<SimpleControlsOnly d:type="bool">0</SimpleControlsOnly>
	<ExpertControlsOnly d:type="bool">0</ExpertControlsOnly>
	<LocksScenario/>
	<StartDestString/>
	<TemplateStartDestMapping/>
	<IsTemplateGenerated d:type="bool">0</IsTemplateGenerated>
	<TemplateScenarioGUID>
		<cGUID>
			<UUID>
				<e d:type="sUInt64">0</e>
				<e d:type="sUInt64">0</e>
			</UUID>
			<DevString d:type="cDeltaString">00000000-0000-0000-0000-000000000000</DevString>
		</cGUID>
	</TemplateScenarioGUID>
	<WorkshopId d:type="sUInt64">0</WorkshopId>
	<WorkshopBy d:type="sUInt64">0</WorkshopBy>
	<WorkshopTags d:type="cDeltaString"></WorkshopTags>
	<StartInCab d:type="bool">0</StartInCab>
	<IsClonedDLC d:type="bool">0</IsClonedDLC>
	<StartLongitude d:type="sFloat64" d:alt_encoding="0000000000000000" d:precision="string">0</StartLongitude>
	<StartLatitude d:type="sFloat64" d:alt_encoding="0000000000000000" d:precision="string">0</StartLatitude>
	<StartHeight d:type="sFloat32" d:alt_encoding="0000000000000000" d:precision="string">0</StartHeight>
	<QuickDriveStartName d:type="cDeltaString"></QuickDriveStartName>
	<QuickDriveEndName d:type="cDeltaString"></QuickDriveEndName>
	<QuickDrivePlayerConsistName d:type="cDeltaString"></QuickDrivePlayerConsistName>
</cScenarioProperties>
