<?xml version="1.0" encoding="utf-8"?>
<cScenarioProperties xmlns:d="http://www.kuju.com/TnT/2003/Delta" d:version="1.0" d:id="2095284272">
	<ID>
		<cGUID>
			<UUID>
				<e d:type="sUInt64">5108864558936052465</e>
				<e d:type="sUInt64">17301875556702067076</e>
			</UUID>
			<DevString d:type="cDeltaString">98f752f1-553f-46e6-8499-3d49269c1cf0</DevString>
		</cGUID>
	</ID>
	<String/>
	<DisplayName>
		<Localisation-cUserLocalisedString>
			<English d:type="cDeltaString">1. Early Morning Switching (Career) (v2)</English>
			<French d:type="cDeltaString"></French>
			<Italian d:type="cDeltaString"></Italian>
			<German d:type="cDeltaString"></German>
			<Spanish d:type="cDeltaString"></Spanish>
			<Dutch d:type="cDeltaString"></Dutch>
			<Polish d:type="cDeltaString"></Polish>
			<Russian d:type="cDeltaString"></Russian>
			<Other/>
			<Key d:type="cDeltaString">a7634323-38c7-4293-bd37-e6b6253c5db5</Key>
		</Localisation-cUserLocalisedString>
	</DisplayName>
	<Description>
		<Localisation-cUserLocalisedString>
			<English d:type="cDeltaString">You are the newest engineer at Altoona.  Take control of an ERS15 performing duties around Altoona Yard and show everyone what you can do.  Switch freight cars from Juniata Shops to Slope Yard.</English>
			<French d:type="cDeltaString"></French>
			<Italian d:type="cDeltaString"></Italian>
			<German d:type="cDeltaString"></German>
			<Spanish d:type="cDeltaString"></Spanish>
			<Dutch d:type="cDeltaString"></Dutch>
			<Polish d:type="cDeltaString"></Polish>
			<Russian d:type="cDeltaString"></Russian>
			<Other/>
			<Key d:type="cDeltaString">31168025-4da4-458c-8d09-07046cfe647a</Key>
		</Localisation-cUserLocalisedString>
	</Description>
	<Briefing>
		<Localisation-cUserLocalisedString>
			<English d:type="cDeltaString">You are the newest engineer at Altoona.  Take control of an ERS15 performing duties around Altoona Yard and show everyone what you can do.  Switch freight cars from Juniata Shops to Slope Yard.</English>
			<French d:type="cDeltaString"></French>
			<Italian d:type="cDeltaString"></Italian>
			<German d:type="cDeltaString"></German>
			<Spanish d:type="cDeltaString"></Spanish>
			<Dutch d:type="cDeltaString"></Dutch>
			<Polish d:type="cDeltaString"></Polish>
			<Russian d:type="cDeltaString"></Russian>
			<Other/>
			<Key d:type="cDeltaString">fb3cc354-1b5a-4ab1-80df-9b2822bbd2cf</Key>
		</Localisation-cUserLocalisedString>
	</Briefing>
	<StartLocation>
		<Localisation-cUserLocalisedString>
			<English d:type="cDeltaString">Altoona</English>
			<French d:type="cDeltaString"></French>
			<Italian d:type="cDeltaString"></Italian>
			<German d:type="cDeltaString"></German>
			<Spanish d:type="cDeltaString"></Spanish>
			<Dutch d:type="cDeltaString"></Dutch>
			<Polish d:type="cDeltaString"></Polish>
			<Russian d:type="cDeltaString"></Russian>
			<Other/>
			<Key d:type="cDeltaString">9fb8be57-7a21-434f-ba1a-03000a80a1f3</Key>
		</Localisation-cUserLocalisedString>
	</StartLocation>
	<ScenarioClass d:type="cDeltaString">eCareerScenarioClass</ScenarioClass>
	<StartTime d:type="sFloat32" d:alt_encoding="0000000000A4DF40" d:precision="string">32400</StartTime>
	<DurationMins d:type="sInt32">20</DurationMins>
	<StartDD d:type="sInt32">30</StartDD>
	<StartMM d:type="sInt32">1</StartMM>
	<StartYYYY d:type="sInt32">1953</StartYYYY>
	<Season d:type="cDeltaString">SEASON_SPRING</Season>
	<WeatherBlueprint>
		<iBlueprintLibrary-cAbsoluteBlueprintID>
			<BlueprintSetID>
				<iBlueprintLibrary-cBlueprintSetID>
					<Provider d:type="cDeltaString">RSC</Provider>
					<Product d:type="cDeltaString">HorseshoeCurve</Product>
				</iBlueprintLibrary-cBlueprintSetID>
			</BlueprintSetID>
			<BlueprintID d:type="cDeltaString">weather\hsc weather 01.xml</BlueprintID>
		</iBlueprintLibrary-cAbsoluteBlueprintID>
	</WeatherBlueprint>
	<WeatherExtensionBlueprint>
		<iBlueprintLibrary-cAbsoluteBlueprintID>
			<BlueprintSetID>
				<iBlueprintLibrary-cBlueprintSetID>
					<Provider d:type="cDeltaString"></Provider>
					<Product d:type="cDeltaString"></Product>
				</iBlueprintLibrary-cBlueprintSetID>
			</BlueprintSetID>
			<BlueprintID d:type="cDeltaString"></BlueprintID>
		</iBlueprintLibrary-cAbsoluteBlueprintID>
	</WeatherExtensionBlueprint>
	<Rating d:type="sInt32">1</Rating>
	<LocoClass d:type="cDeltaString">LOCO_CLASS_DIESEL</LocoClass>
	<HasRollingStart d:type="bool">0</HasRollingStart>
	<LoadedFromRollingStart d:type="bool">0</LoadedFromRollingStart>
	<FrontEndDriverList>
		<sDriverFrontEndDetails d:id="2100311200">
			<ServiceName>
				<Localisation-cUserLocalisedString>
					<English d:type="cDeltaString">8852</English>
					<French d:type="cDeltaString"></French>
					<Italian d:type="cDeltaString"></Italian>
					<German d:type="cDeltaString"></German>
					<Spanish d:type="cDeltaString"></Spanish>
					<Dutch d:type="cDeltaString"></Dutch>
					<Polish d:type="cDeltaString"></Polish>
					<Russian d:type="cDeltaString"></Russian>
					<Other/>
					<Key d:type="cDeltaString">c55c5293-c797-4c61-a9d7-fd9df8b36627</Key>
				</Localisation-cUserLocalisedString>
			</ServiceName>
			<LocoName>
				<Localisation-cUserLocalisedString>
					<English d:type="cDeltaString">EMD GP7 Pennsy</English>
					<French d:type="cDeltaString"></French>
					<Italian d:type="cDeltaString"></Italian>
					<German d:type="cDeltaString"></German>
					<Spanish d:type="cDeltaString"></Spanish>
					<Dutch d:type="cDeltaString"></Dutch>
					<Polish d:type="cDeltaString"></Polish>
					<Russian d:type="cDeltaString"></Russian>
					<Other/>
					<Key d:type="cDeltaString">RS_TXT_GP7_PRR</Key>
				</Localisation-cUserLocalisedString>
			</LocoName>
			<LocoBP>
				<iBlueprintLibrary-cAbsoluteBlueprintID>
					<BlueprintSetID>
						<iBlueprintLibrary-cBlueprintSetID>
							<Provider d:type="cDeltaString">RSC</Provider>
							<Product d:type="cDeltaString">HorseshoeCurve</Product>
						</iBlueprintLibrary-cBlueprintSetID>
					</BlueprintSetID>
					<BlueprintID d:type="cDeltaString">railvehicles\diesel\gp7\default\engine\gp7_default.xml</BlueprintID>
				</iBlueprintLibrary-cAbsoluteBlueprintID>
			</LocoBP>
			<StartLocation>
				<Localisation-cUserLocalisedString>
					<English d:type="cDeltaString"></English>
					<French d:type="cDeltaString"></French>
					<Italian d:type="cDeltaString"></Italian>
					<German d:type="cDeltaString"></German>
					<Spanish d:type="cDeltaString"></Spanish>
					<Dutch d:type="cDeltaString"></Dutch>
					<Polish d:type="cDeltaString"></Polish>
					<Russian d:type="cDeltaString"></Russian>
					<Other/>
					<Key d:type="cDeltaString">15cee66a-7c8c-4c32-9569-42c0f7251d67</Key>
				</Localisation-cUserLocalisedString>
			</StartLocation>
			<LocoClass d:type="cDeltaString">LOCO_CLASS_DIESEL</LocoClass>
			<LocoAuthor d:type="cDeltaString">RSC</LocoAuthor>
			<FilePath d:type="cDeltaString">RSC\HorseshoeCurve\RailVehicles\Diesel\GP7\Default\Engine</FilePath>
			<Longitude d:type="sFloat64" d:alt_encoding="4694F6065F9853C0" d:precision="string">-78.3808</Longitude>
			<Latitude d:type="sFloat64" d:alt_encoding="BF0E9C33A2444440" d:precision="string">40.5362</Latitude>
			<Height d:type="sFloat32" d:alt_encoding="0000002031707540" d:precision="string">343.012</Height>
			<PlayerDriver d:type="bool">1</PlayerDriver>
		</sDriverFrontEndDetails>
		<sDriverFrontEndDetails d:id="2100311496">
			<ServiceName>
				<Localisation-cUserLocalisedString>
					<English d:type="cDeltaString">9774A
</English>
					<French d:type="cDeltaString"></French>
					<Italian d:type="cDeltaString"></Italian>
					<German d:type="cDeltaString"></German>
					<Spanish d:type="cDeltaString"></Spanish>
					<Dutch d:type="cDeltaString"></Dutch>
					<Polish d:type="cDeltaString"></Polish>
					<Russian d:type="cDeltaString"></Russian>
					<Other/>
					<Key d:type="cDeltaString">61156dd3-536c-43cb-b048-23feb9d01e70</Key>
				</Localisation-cUserLocalisedString>
			</ServiceName>
			<LocoName>
				<Localisation-cUserLocalisedString>
					<English d:type="cDeltaString">EMD F7 Pennsy</English>
					<French d:type="cDeltaString"></French>
					<Italian d:type="cDeltaString"></Italian>
					<German d:type="cDeltaString"></German>
					<Spanish d:type="cDeltaString"></Spanish>
					<Dutch d:type="cDeltaString"></Dutch>
					<Polish d:type="cDeltaString"></Polish>
					<Russian d:type="cDeltaString"></Russian>
					<Other/>
					<Key d:type="cDeltaString">RS_TXT_F7_PENN1</Key>
				</Localisation-cUserLocalisedString>
			</LocoName>
			<LocoBP>
				<iBlueprintLibrary-cAbsoluteBlueprintID>
					<BlueprintSetID>
						<iBlueprintLibrary-cBlueprintSetID>
							<Provider d:type="cDeltaString">RSC</Provider>
							<Product d:type="cDeltaString">HorseshoeCurve</Product>
						</iBlueprintLibrary-cBlueprintSetID>
					</BlueprintSetID>
					<BlueprintID d:type="cDeltaString">RailVehicles\Diesel\F7\Default\Engine\F7A_default.xml</BlueprintID>
				</iBlueprintLibrary-cAbsoluteBlueprintID>
			</LocoBP>
			<StartLocation>
				<Localisation-cUserLocalisedString>
					<English d:type="cDeltaString"></English>
					<French d:type="cDeltaString"></French>
					<Italian d:type="cDeltaString"></Italian>
					<German d:type="cDeltaString"></German>
					<Spanish d:type="cDeltaString"></Spanish>
					<Dutch d:type="cDeltaString"></Dutch>
					<Polish d:type="cDeltaString"></Polish>
					<Russian d:type="cDeltaString"></Russian>
					<Other/>
					<Key d:type="cDeltaString">126c9777-4d1c-4160-a0fb-7f28a694d9a6</Key>
				</Localisation-cUserLocalisedString>
			</StartLocation>
			<LocoClass d:type="cDeltaString">LOCO_CLASS_DIESEL</LocoClass>
			<LocoAuthor d:type="cDeltaString">RSC</LocoAuthor>
			<FilePath d:type="cDeltaString">RSC\HorseshoeCurve\RailVehicles\Diesel\F7\Default\Engine</FilePath>
			<Longitude d:type="sFloat64" d:alt_encoding="0DE02D90A09853C0" d:precision="string">-78.3848</Longitude>
			<Latitude d:type="sFloat64" d:alt_encoding="A4703D0AD7434440" d:precision="string">40.53</Latitude>
			<Height d:type="sFloat32" d:alt_encoding="000000600E8F7540" d:precision="string">344.941</Height>
			<PlayerDriver d:type="bool">0</PlayerDriver>
		</sDriverFrontEndDetails>
		<sDriverFrontEndDetails d:id="2100311792">
			<ServiceName>
				<Localisation-cUserLocalisedString>
					<English d:type="cDeltaString">8553</English>
					<French d:type="cDeltaString"></French>
					<Italian d:type="cDeltaString"></Italian>
					<German d:type="cDeltaString"></German>
					<Spanish d:type="cDeltaString"></Spanish>
					<Dutch d:type="cDeltaString"></Dutch>
					<Polish d:type="cDeltaString"></Polish>
					<Russian d:type="cDeltaString"></Russian>
					<Other/>
					<Key d:type="cDeltaString">8bb8f2c8-376c-4643-a529-87eaa8da10a8</Key>
				</Localisation-cUserLocalisedString>
			</ServiceName>
			<LocoName>
				<Localisation-cUserLocalisedString>
					<English d:type="cDeltaString">EMD GP7 Pennsy</English>
					<French d:type="cDeltaString"></French>
					<Italian d:type="cDeltaString"></Italian>
					<German d:type="cDeltaString"></German>
					<Spanish d:type="cDeltaString"></Spanish>
					<Dutch d:type="cDeltaString"></Dutch>
					<Polish d:type="cDeltaString"></Polish>
					<Russian d:type="cDeltaString"></Russian>
					<Other/>
					<Key d:type="cDeltaString">RS_TXT_GP7_PRR</Key>
				</Localisation-cUserLocalisedString>
			</LocoName>
			<LocoBP>
				<iBlueprintLibrary-cAbsoluteBlueprintID>
					<BlueprintSetID>
						<iBlueprintLibrary-cBlueprintSetID>
							<Provider d:type="cDeltaString">RSC</Provider>
							<Product d:type="cDeltaString">HorseshoeCurve</Product>
						</iBlueprintLibrary-cBlueprintSetID>
					</BlueprintSetID>
					<BlueprintID d:type="cDeltaString">RailVehicles\Diesel\GP7\Default\Engine\GP7_default.xml</BlueprintID>
				</iBlueprintLibrary-cAbsoluteBlueprintID>
			</LocoBP>
			<StartLocation>
				<Localisation-cUserLocalisedString>
					<English d:type="cDeltaString">Freight Station 3</English>
					<French d:type="cDeltaString"></French>
					<Italian d:type="cDeltaString"></Italian>
					<German d:type="cDeltaString"></German>
					<Spanish d:type="cDeltaString"></Spanish>
					<Dutch d:type="cDeltaString"></Dutch>
					<Polish d:type="cDeltaString"></Polish>
					<Russian d:type="cDeltaString"></Russian>
					<Other/>
					<Key d:type="cDeltaString">cf6e416e-c273-42e2-bdec-1a262b8aa372</Key>
				</Localisation-cUserLocalisedString>
			</StartLocation>
			<LocoClass d:type="cDeltaString">LOCO_CLASS_DIESEL</LocoClass>
			<LocoAuthor d:type="cDeltaString">RSC</LocoAuthor>
			<FilePath d:type="cDeltaString">RSC\HorseshoeCurve\RailVehicles\Diesel\GP7\Default\Engine</FilePath>
			<Longitude d:type="sFloat64" d:alt_encoding="764F1E166A9953C0" d:precision="string">-78.3971</Longitude>
			<Latitude d:type="sFloat64" d:alt_encoding="B5A679C729424440" d:precision="string">40.5169</Latitude>
			<Height d:type="sFloat32" d:alt_encoding="0000004060F37540" d:precision="string">351.211</Height>
			<PlayerDriver d:type="bool">0</PlayerDriver>
		</sDriverFrontEndDetails>
		<sDriverFrontEndDetails d:id="2100312088">
			<ServiceName>
				<Localisation-cUserLocalisedString>
					<English d:type="cDeltaString">8806</English>
					<French d:type="cDeltaString"></French>
					<Italian d:type="cDeltaString"></Italian>
					<German d:type="cDeltaString"></German>
					<Spanish d:type="cDeltaString"></Spanish>
					<Dutch d:type="cDeltaString"></Dutch>
					<Polish d:type="cDeltaString"></Polish>
					<Russian d:type="cDeltaString"></Russian>
					<Other/>
					<Key d:type="cDeltaString">ae363505-adcb-4588-a00f-2ed781e16497</Key>
				</Localisation-cUserLocalisedString>
			</ServiceName>
			<LocoName>
				<Localisation-cUserLocalisedString>
					<English d:type="cDeltaString">EMD GP7 Pennsy</English>
					<French d:type="cDeltaString"></French>
					<Italian d:type="cDeltaString"></Italian>
					<German d:type="cDeltaString"></German>
					<Spanish d:type="cDeltaString"></Spanish>
					<Dutch d:type="cDeltaString"></Dutch>
					<Polish d:type="cDeltaString"></Polish>
					<Russian d:type="cDeltaString"></Russian>
					<Other/>
					<Key d:type="cDeltaString">RS_TXT_GP7_PRR</Key>
				</Localisation-cUserLocalisedString>
			</LocoName>
			<LocoBP>
				<iBlueprintLibrary-cAbsoluteBlueprintID>
					<BlueprintSetID>
						<iBlueprintLibrary-cBlueprintSetID>
							<Provider d:type="cDeltaString">RSC</Provider>
							<Product d:type="cDeltaString">HorseshoeCurve</Product>
						</iBlueprintLibrary-cBlueprintSetID>
					</BlueprintSetID>
					<BlueprintID d:type="cDeltaString">RailVehicles\Diesel\GP7\Default\Engine\GP7_default.xml</BlueprintID>
				</iBlueprintLibrary-cAbsoluteBlueprintID>
			</LocoBP>
			<StartLocation>
				<Localisation-cUserLocalisedString>
					<English d:type="cDeltaString">Erecting &amp; Machine Shop 1</English>
					<French d:type="cDeltaString"></French>
					<Italian d:type="cDeltaString"></Italian>
					<German d:type="cDeltaString"></German>
					<Spanish d:type="cDeltaString"></Spanish>
					<Dutch d:type="cDeltaString"></Dutch>
					<Polish d:type="cDeltaString"></Polish>
					<Russian d:type="cDeltaString"></Russian>
					<Other/>
					<Key d:type="cDeltaString">b715098e-dfd5-4791-8950-6003a02fe054</Key>
				</Localisation-cUserLocalisedString>
			</StartLocation>
			<LocoClass d:type="cDeltaString">LOCO_CLASS_DIESEL</LocoClass>
			<LocoAuthor d:type="cDeltaString">RSC</LocoAuthor>
			<FilePath d:type="cDeltaString">RSC\HorseshoeCurve\RailVehicles\Diesel\GP7\Default\Engine</FilePath>
			<Longitude d:type="sFloat64" d:alt_encoding="D50968226C9853C0" d:precision="string">-78.3816</Longitude>
			<Latitude d:type="sFloat64" d:alt_encoding="23DBF97E6A444440" d:precision="string">40.5345</Latitude>
			<Height d:type="sFloat32" d:alt_encoding="000000806C6F7540" d:precision="string">342.964</Height>
			<PlayerDriver d:type="bool">0</PlayerDriver>
		</sDriverFrontEndDetails>
		<sDriverFrontEndDetails d:id="2100312384">
			<ServiceName>
				<Localisation-cUserLocalisedString>
					<English d:type="cDeltaString">8548</English>
					<French d:type="cDeltaString"></French>
					<Italian d:type="cDeltaString"></Italian>
					<German d:type="cDeltaString"></German>
					<Spanish d:type="cDeltaString"></Spanish>
					<Dutch d:type="cDeltaString"></Dutch>
					<Polish d:type="cDeltaString"></Polish>
					<Russian d:type="cDeltaString"></Russian>
					<Other/>
					<Key d:type="cDeltaString">f65f73ae-7175-4b0a-b726-f5d66d8a306c</Key>
				</Localisation-cUserLocalisedString>
			</ServiceName>
			<LocoName>
				<Localisation-cUserLocalisedString>
					<English d:type="cDeltaString">EMD GP7 Pennsy</English>
					<French d:type="cDeltaString"></French>
					<Italian d:type="cDeltaString"></Italian>
					<German d:type="cDeltaString"></German>
					<Spanish d:type="cDeltaString"></Spanish>
					<Dutch d:type="cDeltaString"></Dutch>
					<Polish d:type="cDeltaString"></Polish>
					<Russian d:type="cDeltaString"></Russian>
					<Other/>
					<Key d:type="cDeltaString">RS_TXT_GP7_PRR</Key>
				</Localisation-cUserLocalisedString>
			</LocoName>
			<LocoBP>
				<iBlueprintLibrary-cAbsoluteBlueprintID>
					<BlueprintSetID>
						<iBlueprintLibrary-cBlueprintSetID>
							<Provider d:type="cDeltaString">RSC</Provider>
							<Product d:type="cDeltaString">HorseshoeCurve</Product>
						</iBlueprintLibrary-cBlueprintSetID>
					</BlueprintSetID>
					<BlueprintID d:type="cDeltaString">RailVehicles\Diesel\GP7\Default\Engine\GP7_default.xml</BlueprintID>
				</iBlueprintLibrary-cAbsoluteBlueprintID>
			</LocoBP>
			<StartLocation>
				<Localisation-cUserLocalisedString>
					<English d:type="cDeltaString">West Departure 25</English>
					<French d:type="cDeltaString"></French>
					<Italian d:type="cDeltaString"></Italian>
					<German d:type="cDeltaString"></German>
					<Spanish d:type="cDeltaString"></Spanish>
					<Dutch d:type="cDeltaString"></Dutch>
					<Polish d:type="cDeltaString"></Polish>
					<Russian d:type="cDeltaString"></Russian>
					<Other/>
					<Key d:type="cDeltaString">b505ae6a-4503-4222-8e41-c52e88e0588f</Key>
				</Localisation-cUserLocalisedString>
			</StartLocation>
			<LocoClass d:type="cDeltaString">LOCO_CLASS_DIESEL</LocoClass>
			<LocoAuthor d:type="cDeltaString">RSC</LocoAuthor>
			<FilePath d:type="cDeltaString">RSC\HorseshoeCurve\RailVehicles\Diesel\GP7\Default\Engine</FilePath>
			<Longitude d:type="sFloat64" d:alt_encoding="B8AF03E78C9853C0" d:precision="string">-78.3836</Longitude>
			<Latitude d:type="sFloat64" d:alt_encoding="158C4AEA04444440" d:precision="string">40.5314</Latitude>
			<Height d:type="sFloat32" d:alt_encoding="000000C09F847540" d:precision="string">344.289</Height>
			<PlayerDriver d:type="bool">0</PlayerDriver>
		</sDriverFrontEndDetails>
	</FrontEndDriverList>
	<RequiredSet>
		<iBlueprintLibrary-cBlueprintSetID d:id="213286646">
			<Provider d:type="cDeltaString">Kuju</Provider>
			<Product d:type="cDeltaString">RailsimulatorUS</Product>
		</iBlueprintLibrary-cBlueprintSetID>
		<iBlueprintLibrary-cBlueprintSetID d:id="213286648">
			<Provider d:type="cDeltaString">RSC</Provider>
			<Product d:type="cDeltaString">HorseshoeCurve</Product>
		</iBlueprintLibrary-cBlueprintSetID>
	</RequiredSet>
	<Gizmo>
		<cOwnedEntity d:id="892605000">
			<Component>
				<cEditorSceneryRender d:id="1849732096">
					<DetailLevel d:type="sInt32">10</DetailLevel>
					<Global d:type="bool">0</Global>
				</cEditorSceneryRender>
				<cPosOri d:id="893343192">
					<RFarMatrix>
						<cFarMatrix d:id="893343204">
							<Height d:type="sFloat32" d:alt_encoding="00000060BA977540" d:precision="string">345.483</Height>
							<RXAxis d:numElements="4" d:elementType="sFloat32" d:precision="string">0.7526295 0.0000000 -0.6584444 0.0000000</RXAxis>
							<RYAxis d:numElements="4" d:elementType="sFloat32" d:precision="string">0.0000000 1.0000000 0.0000000 0.0000000</RYAxis>
							<RZAxis d:numElements="4" d:elementType="sFloat32" d:precision="string">0.6584444 0.0000000 0.7526295 0.0000000</RZAxis>
							<RFarPosition>
								<cFarVector2 d:id="893343256">
									<X>
										<cFarCoordinate>
											<RouteCoordinate>
												<cRouteCoordinate>
													<Distance d:type="sInt32">8</Distance>
												</cRouteCoordinate>
											</RouteCoordinate>
											<TileCoordinate>
												<cTileCoordinate>
													<Distance d:type="sFloat32" d:alt_encoding="00000000814D7A40" d:precision="string">420.844</Distance>
												</cTileCoordinate>
											</TileCoordinate>
										</cFarCoordinate>
									</X>
									<Z>
										<cFarCoordinate>
											<RouteCoordinate>
												<cRouteCoordinate>
													<Distance d:type="sInt32">4</Distance>
												</cRouteCoordinate>
											</RouteCoordinate>
											<TileCoordinate>
												<cTileCoordinate>
													<Distance d:type="sFloat32" d:alt_encoding="000000600E037E40" d:precision="string">480.191</Distance>
												</cTileCoordinate>
											</TileCoordinate>
										</cFarCoordinate>
									</Z>
								</cFarVector2>
							</RFarPosition>
						</cFarMatrix>
					</RFarMatrix>
				</cPosOri>
				<cScriptComponent d:id="2088789208">
					<DebugDisplay d:type="bool">1</DebugDisplay>
					<StateName d:type="cDeltaString"></StateName>
				</cScriptComponent>
			</Component>
			<BlueprintID>
				<iBlueprintLibrary-cAbsoluteBlueprintID>
					<BlueprintSetID>
						<iBlueprintLibrary-cBlueprintSetID>
							<Provider d:type="cDeltaString">Kuju</Provider>
							<Product d:type="cDeltaString">RailSimulatorCore</Product>
						</iBlueprintLibrary-cBlueprintSetID>
					</BlueprintSetID>
					<BlueprintID d:type="cDeltaString">Editor\Gizmo\Scenario Markers\Career Scenario Marker.xml</BlueprintID>
				</iBlueprintLibrary-cAbsoluteBlueprintID>
			</BlueprintID>
			<ReskinBlueprintID>
				<iBlueprintLibrary-cAbsoluteBlueprintID>
					<BlueprintSetID>
						<iBlueprintLibrary-cBlueprintSetID>
							<Provider d:type="cDeltaString"></Provider>
							<Product d:type="cDeltaString"></Product>
						</iBlueprintLibrary-cBlueprintSetID>
					</BlueprintSetID>
					<BlueprintID d:type="cDeltaString"></BlueprintID>
				</iBlueprintLibrary-cAbsoluteBlueprintID>
			</ReskinBlueprintID>
			<Name d:type="cDeltaString">Career Scenario Marker</Name>
			<EntityID>
				<cGUID>
					<UUID>
						<e d:type="sUInt64">5209457889718820130</e>
						<e d:type="sUInt64">8930694972671052423</e>
					</UUID>
					<DevString d:type="cDeltaString">8d0bdd22-b659-484b-87ca-6cc3c233f07b</DevString>
				</cGUID>
			</EntityID>
		</cOwnedEntity>
	</Gizmo>
	<SimulationTime d:type="sFloat32" d:alt_encoding="0000000000000000" d:precision="string">0</SimulationTime>
	<AuthoredLanguage d:type="cDeltaString">en</AuthoredLanguage>
	<Version d:type="sFloat32" d:alt_encoding="000000000000F03F" d:precision="string">1</Version>
	<Author d:type="cDeltaString">RSC, SenorPez</Author>
	<DispatcherVersion d:type="cDeltaString">V1</DispatcherVersion>
	<RBlueprintSetPreLoad/>
	<NamedEntity>
		<cScenarioProperties-cGuidToNameMapping d:id="-2122247264">
			<Guid>
				<cGUID>
					<UUID>
						<e d:type="sUInt64">5402826469073204188</e>
						<e d:type="sUInt64">11041159871915512759</e>
					</UUID>
					<DevString d:type="cDeltaString">582fb3dc-b20c-4afa-b753-d2a967143a99</DevString>
				</cGUID>
			</Guid>
			<Name d:type="cDeltaString">couplingcam</Name>
		</cScenarioProperties-cGuidToNameMapping>
		<cScenarioProperties-cGuidToNameMapping d:id="-2122247680">
			<Guid>
				<cGUID>
					<UUID>
						<e d:type="sUInt64">5467888882577671711</e>
						<e d:type="sUInt64">11798685936398284431</e>
					</UUID>
					<DevString d:type="cDeltaString">f559861f-d7f7-4be1-8fb6-6ad7585abda3</DevString>
				</cGUID>
			</Guid>
			<Name d:type="cDeltaString">slopecamera</Name>
		</cScenarioProperties-cGuidToNameMapping>
		<cScenarioProperties-cGuidToNameMapping d:id="-2122247648">
			<Guid>
				<cGUID>
					<UUID>
						<e d:type="sUInt64">5245861180634138623</e>
						<e d:type="sUInt64">6687123967150924938</e>
					</UUID>
					<DevString d:type="cDeltaString">34b587ff-0af3-48cd-8a24-0877d16fcd5c</DevString>
				</cGUID>
			</Guid>
			<Name d:type="cDeltaString">start</Name>
		</cScenarioProperties-cGuidToNameMapping>
		<cScenarioProperties-cGuidToNameMapping d:id="-2122248608">
			<Guid>
				<cGUID>
					<UUID>
						<e d:type="sUInt64">4740248041880917916</e>
						<e d:type="sUInt64">16972929785677546637</e>
					</UUID>
					<DevString d:type="cDeltaString">ab8d979c-be7a-41c8-8d04-f5b0b6f58beb</DevString>
				</cGUID>
			</Guid>
			<Name d:type="cDeltaString">startcam</Name>
		</cScenarioProperties-cGuidToNameMapping>
		<cScenarioProperties-cGuidToNameMapping d:id="-2122248224">
			<Guid>
				<cGUID>
					<UUID>
						<e d:type="sUInt64">5572100529807516651</e>
						<e d:type="sUInt64">662929046642957988</e>
					</UUID>
					<DevString d:type="cDeltaString">dbf163eb-13e8-4d54-a41e-71a074323309</DevString>
				</cGUID>
			</Guid>
			<Name d:type="cDeltaString">tedcam1</Name>
		</cScenarioProperties-cGuidToNameMapping>
		<cScenarioProperties-cGuidToNameMapping d:id="-2122248256">
			<Guid>
				<cGUID>
					<UUID>
						<e d:type="sUInt64">4701784605532476999</e>
						<e d:type="sUInt64">10657823445452745875</e>
					</UUID>
					<DevString d:type="cDeltaString">0729d647-1830-4140-936c-0ac1f431e893</DevString>
				</cGUID>
			</Guid>
			<Name d:type="cDeltaString">teddyboy</Name>
		</cScenarioProperties-cGuidToNameMapping>
		<cScenarioProperties-cGuidToNameMapping d:id="-2122249888">
			<Guid>
				<cGUID>
					<UUID>
						<e d:type="sUInt64">5732770973758860344</e>
						<e d:type="sUInt64">12331870983600814491</e>
					</UUID>
					<DevString d:type="cDeltaString">bd912c38-e4d3-4f8e-9b39-7991529b23ab</DevString>
				</cGUID>
			</Guid>
			<Name d:type="cDeltaString">wagoncam</Name>
		</cScenarioProperties-cGuidToNameMapping>
	</NamedEntity>
	<Condition/>
	<DeferredEvent/>
	<CheckedCondition/>
	<CareerRules>
		<cCareerRules d:id="223826488">
			<Parent>
				<cGUID>
					<UUID>
						<e d:type="sUInt64">5108864558936052465</e>
						<e d:type="sUInt64">17301875556702067076</e>
					</UUID>
					<DevString d:type="cDeltaString">98f752f1-553f-46e6-8499-3d49269c1cf0</DevString>
				</cGUID>
			</Parent>
			<StartScore d:type="sInt32">0</StartScore>
			<Version d:type="sInt32">2</Version>
			<CodeVersion d:type="sInt32">3</CodeVersion>
			<DLC d:type="sInt32">0</DLC>
			<StatsGroup d:type="sInt32">0</StatsGroup>
			<SpeedCheckIntervalSec d:type="sFloat32" d:alt_encoding="000000000000F03F" d:precision="string">1</SpeedCheckIntervalSec>
			<PointsPerMPHPerInterval d:type="sFloat32" d:alt_encoding="000000000000F03F" d:precision="string">1</PointsPerMPHPerInterval>
			<SpeedMultiplierThresholdSec d:type="sFloat32" d:alt_encoding="0000000000002E40" d:precision="string">15</SpeedMultiplierThresholdSec>
			<SpeedMultiplier d:type="sFloat32" d:alt_encoding="000000000000F03F" d:precision="string">1</SpeedMultiplier>
			<ComfortCheckIntervalSec d:type="sFloat32" d:alt_encoding="000000000000F03F" d:precision="string">1</ComfortCheckIntervalSec>
			<PointsPerGPerInterval d:type="sFloat32" d:alt_encoding="0000000000005440" d:precision="string">80</PointsPerGPerInterval>
			<ComfortForceLimitG d:type="sFloat32" d:alt_encoding="000000803D0AB73F" d:precision="string">0.09</ComfortForceLimitG>
			<ComfortForceMaxScaleG d:type="sFloat32" d:alt_encoding="000000A09999B93F" d:precision="string">0.1</ComfortForceMaxScaleG>
			<LateralComfortForceLimitG d:type="sFloat32" d:alt_encoding="000000403333C33F" d:precision="string">0.15</LateralComfortForceLimitG>
			<LateralComfortForceMaxScaleG d:type="sFloat32" d:alt_encoding="000000803D0AC73F" d:precision="string">0.18</LateralComfortForceMaxScaleG>
			<LatePointsPerSecond d:type="sFloat32" d:alt_encoding="000000000000F03F" d:precision="string">1</LatePointsPerSecond>
			<LateMuliplierPerMinute d:type="sFloat32" d:alt_encoding="000000000000F03F" d:precision="string">1</LateMuliplierPerMinute>
			<EarlyPointsAddedPerSecond d:type="sFloat32" d:alt_encoding="000000000000F03F" d:precision="string">1</EarlyPointsAddedPerSecond>
			<EarlyMultiplierPerMinute d:type="sFloat32" d:alt_encoding="000000000000F03F" d:precision="string">1</EarlyMultiplierPerMinute>
			<MissedStopPoints d:type="sFloat32" d:alt_encoding="0000000000006940" d:precision="string">200</MissedStopPoints>
			<LeaveEarlyPoints d:type="sFloat32" d:alt_encoding="0000000000006940" d:precision="string">200</LeaveEarlyPoints>
			<ArrivalPoints d:type="sFloat32" d:alt_encoding="0000000000007940" d:precision="string">400</ArrivalPoints>
			<WheelslipPointsPerSec d:type="sFloat32" d:alt_encoding="0000000000001440" d:precision="string">5</WheelslipPointsPerSec>
			<PointsPerOpError d:type="sFloat32" d:alt_encoding="0000000000004940" d:precision="string">50</PointsPerOpError>
			<FuelUsageThreshold d:type="sFloat32" d:alt_encoding="0000000000408F40" d:precision="string">1000</FuelUsageThreshold>
			<FuelPointsPerUnitUsed d:type="sFloat32" d:alt_encoding="0000000000002440" d:precision="string">10</FuelPointsPerUnitUsed>
			<EmergencyBrakingPointsPerSec d:type="sFloat32" d:alt_encoding="000000000000F03F" d:precision="string">1</EmergencyBrakingPointsPerSec>
			<AccuracyBonus d:type="sFloat32" d:alt_encoding="0000000000006940" d:precision="string">200</AccuracyBonus>
			<AccuracyPenalty d:type="sFloat32" d:alt_encoding="0000000000000000" d:precision="string">0</AccuracyPenalty>
			<MaxAccuracyPenalty d:type="sFloat32" d:alt_encoding="0000000000C07240" d:precision="string">300</MaxAccuracyPenalty>
			<CarriagesPenalty d:type="sFloat32" d:alt_encoding="0000000000000000" d:precision="string">0</CarriagesPenalty>
			<MD5 d:type="cDeltaString"></MD5>
			<GoldMedalThreshold d:type="sUInt32">900</GoldMedalThreshold>
			<SilverMedalThreshold d:type="sUInt32">750</SilverMedalThreshold>
			<BronzeMedalThreshold d:type="sUInt32">500</BronzeMedalThreshold>
			<WhistleSignPoints d:type="sFloat32" d:alt_encoding="0000000000000000" d:precision="string">0</WhistleSignPoints>
		</cCareerRules>
	</CareerRules>
	<MD5 d:type="cDeltaString">8C80C18116AE1BA30A9CE20BC8BD9B3B</MD5>
	<MessageEvent/>
	<SimpleControlsOnly d:type="bool">0</SimpleControlsOnly>
	<ExpertControlsOnly d:type="bool">0</ExpertControlsOnly>
	<LocksScenario>
		<cGUID>
			<UUID>
				<e d:type="sUInt64">5380216538641405711</e>
				<e d:type="sUInt64">18417207689214304138</e>
			</UUID>
			<DevString d:type="cDeltaString">b067170f-5e6f-4aaa-8a1f-3696d01097ff</DevString>
		</cGUID>
		<cGUID>
			<UUID>
				<e d:type="sUInt64">5268639780698284988</e>
				<e d:type="sUInt64">18097162029924410261</e>
			</UUID>
			<DevString d:type="cDeltaString">520363bc-f7f7-491d-95e3-54bcfb0826fb</DevString>
		</cGUID>
	</LocksScenario>
</cScenarioProperties>
